simulacion,objetos,algoritmo,pesos,valores,capacidad,tiempo,memoria_kb,nodos,valor_optimo
1,5,BFS,"[11, 1, 5, 4, 12]","[4, 24, 8, 5, 4]",13,7.020001066848636e-05,2.1875,35,37
1,5,DFS,"[11, 1, 5, 4, 12]","[4, 24, 8, 5, 4]",13,3.260001540184021e-05,0.125,35,37
2,5,BFS,"[11, 15, 2, 7, 1]","[24, 18, 19, 2, 3]",14,2.6800029445439577e-05,1.15625,27,46
2,5,DFS,"[11, 15, 2, 7, 1]","[24, 18, 19, 2, 3]",14,2.4100008886307478e-05,0.1328125,27,46
3,5,BFS,"[4, 9, 1, 4, 11]","[8, 20, 18, 23, 23]",11,2.7099973522126675e-05,1.484375,33,49
3,5,DFS,"[4, 9, 1, 4, 11]","[8, 20, 18, 23, 23]",11,2.7499976567924023e-05,0.125,33,49
4,5,BFS,"[9, 4, 10, 13, 1]","[14, 15, 9, 28, 25]",14,3.029999788850546e-05,1.734375,33,54
4,5,DFS,"[9, 4, 10, 13, 1]","[14, 15, 9, 28, 25]",14,2.759997732937336e-05,0.1328125,33,54
5,5,BFS,"[13, 12, 6, 3, 13]","[6, 14, 9, 7, 11]",18,2.3200002033263445e-05,0.890625,31,23
5,5,DFS,"[13, 12, 6, 3, 13]","[6, 14, 9, 7, 11]",18,2.570002106949687e-05,0.1015625,31,23
6,5,BFS,"[2, 7, 6, 6, 5]","[3, 4, 28, 20, 26]",10,2.4200009647756815e-05,0.9296875,31,31
6,5,DFS,"[2, 7, 6, 6, 5]","[3, 4, 28, 20, 26]",10,2.4500011932104826e-05,0.1015625,31,31
7,5,BFS,"[1, 8, 2, 7, 9]","[24, 18, 30, 3, 10]",10,3.3400021493434906e-05,1.734375,38,57
7,5,DFS,"[1, 8, 2, 7, 9]","[24, 18, 30, 3, 10]",10,3.0199997127056122e-05,0.125,38,57
8,5,BFS,"[14, 10, 14, 10, 12]","[21, 29, 12, 7, 3]",24,2.9099988751113415e-05,1.546875,36,50
8,5,DFS,"[14, 10, 14, 10, 12]","[21, 29, 12, 7, 3]",24,2.759997732937336e-05,0.1015625,36,50
9,5,BFS,"[1, 4, 5, 14, 14]","[22, 25, 3, 8, 4]",15,2.8800044674426317e-05,1.5,37,50
9,5,DFS,"[1, 4, 5, 14, 14]","[22, 25, 3, 8, 4]",15,2.8300040867179632e-05,0.1484375,37,50
10,5,BFS,"[7, 8, 14, 3, 6]","[9, 21, 12, 12, 7]",15,2.829998265951872e-05,1.015625,32,33
10,5,DFS,"[7, 8, 14, 3, 6]","[9, 21, 12, 12, 7]",15,2.6099965907633305e-05,0.1015625,32,33
11,5,BFS,"[11, 12, 11, 2, 11]","[9, 30, 21, 20, 6]",18,2.1200045011937618e-05,0.875,28,50
11,5,DFS,"[11, 12, 11, 2, 11]","[9, 30, 21, 20, 6]",18,2.3100001271814108e-05,0.0859375,28,50
12,5,BFS,"[9, 4, 8, 5, 11]","[24, 6, 13, 30, 23]",14,2.9499991796910763e-05,1.5703125,34,54
12,5,DFS,"[9, 4, 8, 5, 11]","[24, 6, 13, 30, 23]",14,2.6499968953430653e-05,0.1015625,34,54
13,5,BFS,"[9, 11, 14, 13, 4]","[8, 11, 25, 2, 27]",20,2.4900014977902174e-05,0.9921875,29,52
13,5,DFS,"[9, 11, 14, 13, 4]","[8, 11, 25, 2, 27]",20,2.4200009647756815e-05,0.1015625,29,52
14,5,BFS,"[1, 6, 5, 4, 10]","[26, 13, 3, 30, 29]",10,2.9999995604157448e-05,1.609375,36,59
14,5,DFS,"[1, 6, 5, 4, 10]","[26, 13, 3, 30, 29]",10,2.7699978090822697e-05,0.125,36,59
15,5,BFS,"[12, 4, 8, 15, 11]","[11, 21, 13, 30, 15]",20,2.8100039344280958e-05,1.53125,35,51
15,5,DFS,"[12, 4, 8, 15, 11]","[11, 21, 13, 30, 15]",20,2.74000340141356e-05,0.1015625,35,51
16,5,BFS,"[3, 3, 12, 9, 12]","[9, 8, 18, 9, 19]",15,3.3400021493434906e-05,1.7578125,39,28
16,5,DFS,"[3, 3, 12, 9, 12]","[9, 8, 18, 9, 19]",15,3.1400006264448166e-05,0.1328125,39,28
17,5,BFS,"[7, 10, 6, 3, 8]","[29, 13, 8, 17, 3]",13,2.269999822601676e-05,0.890625,31,46
17,5,DFS,"[7, 10, 6, 3, 8]","[29, 13, 8, 17, 3]",13,2.4900014977902174e-05,0.1015625,31,46
18,5,BFS,"[13, 14, 3, 3, 11]","[2, 4, 21, 26, 14]",17,3.1400006264448166e-05,1.6796875,36,61
18,5,DFS,"[13, 14, 3, 3, 11]","[2, 4, 21, 26, 14]",17,2.989999484270811e-05,0.1171875,36,61
19,5,BFS,"[10, 7, 10, 9, 9]","[3, 13, 15, 9, 28]",18,2.4200009647756815e-05,0.890625,32,41
19,5,DFS,"[10, 7, 10, 9, 9]","[3, 13, 15, 9, 28]",18,2.5799963623285294e-05,0.1015625,32,41
20,5,BFS,"[1, 12, 11, 9, 5]","[22, 4, 29, 25, 25]",15,2.7300033252686262e-05,1.5390625,33,72
20,5,DFS,"[1, 12, 11, 9, 5]","[22, 4, 29, 25, 25]",15,2.6999972760677338e-05,0.1171875,33,72
21,8,BFS,"[11, 2, 7, 8, 12, 12, 9, 3]","[11, 10, 6, 1, 29, 9, 25, 17]",25,0.00028310000197961926,11.359375,206,71
21,8,DFS,"[11, 2, 7, 8, 12, 12, 9, 3]","[11, 10, 6, 1, 29, 9, 25, 17]",25,0.00016220001270994544,0.2265625,206,71
22,8,BFS,"[15, 14, 5, 11, 10, 3, 13, 9]","[4, 21, 27, 17, 7, 12, 6, 25]",32,0.00018319999799132347,3.9765625,225,85
22,8,DFS,"[15, 14, 5, 11, 10, 3, 13, 9]","[4, 21, 27, 17, 7, 12, 6, 25]",32,0.00017340003978461027,0.234375,225,85
23,8,BFS,"[15, 15, 10, 8, 2, 6, 14, 5]","[17, 1, 11, 1, 30, 29, 26, 8]",30,0.0001710999640636146,3.640625,213,93
23,8,DFS,"[15, 15, 10, 8, 2, 6, 14, 5]","[17, 1, 11, 1, 30, 29, 26, 8]",30,0.00017010001465678215,0.234375,213,93
24,8,BFS,"[1, 15, 2, 12, 14, 13, 13, 3]","[8, 19, 3, 16, 3, 18, 5, 22]",29,0.0001737999846227467,4.015625,229,64
24,8,DFS,"[1, 15, 2, 12, 14, 13, 13, 3]","[8, 19, 3, 16, 3, 18, 5, 22]",29,0.00017119996482506394,0.234375,229,64
25,8,BFS,"[8, 3, 9, 10, 4, 9, 12, 4]","[18, 9, 28, 14, 30, 25, 23, 23]",23,0.00016910000704228878,2.8984375,216,90
25,8,DFS,"[8, 3, 9, 10, 4, 9, 12, 4]","[18, 9, 28, 14, 30, 25, 23, 23]",23,0.0001626000157557428,0.203125,216,90
26,8,BFS,"[5, 11, 6, 15, 8, 4, 2, 1]","[13, 21, 15, 17, 4, 8, 11, 19]",20,0.00015279999934136868,4.0234375,187,66
26,8,DFS,"[5, 11, 6, 15, 8, 4, 2, 1]","[13, 21, 15, 17, 4, 8, 11, 19]",20,0.0001545000122860074,0.2578125,187,66
27,8,BFS,"[9, 10, 1, 12, 1, 2, 1, 6]","[8, 8, 3, 21, 8, 29, 28, 3]",16,0.00016979995416477323,4.1484375,215,86
27,8,DFS,"[9, 10, 1, 12, 1, 2, 1, 6]","[8, 8, 3, 21, 8, 29, 28, 3]",16,0.00017419998766854405,0.2578125,215,86
28,8,BFS,"[9, 5, 8, 9, 12, 15, 10, 4]","[8, 22, 7, 5, 30, 19, 16, 26]",28,0.0001517999917268753,2.90625,204,78
28,8,DFS,"[9, 5, 8, 9, 12, 15, 10, 4]","[8, 22, 7, 5, 30, 19, 16, 26]",28,0.00015490001533180475,0.2265625,204,78
29,8,BFS,"[8, 7, 2, 11, 6, 7, 14, 1]","[26, 7, 4, 14, 14, 15, 24, 22]",22,0.00019950000569224358,3.5234375,217,77
29,8,DFS,"[8, 7, 2, 11, 6, 7, 14, 1]","[26, 7, 4, 14, 14, 15, 24, 22]",22,0.00017499999376013875,0.234375,217,77
30,8,BFS,"[11, 2, 7, 6, 14, 4, 4, 8]","[21, 2, 24, 26, 4, 7, 18, 5]",22,0.0001753999968059361,3.875,220,75
30,8,DFS,"[11, 2, 7, 6, 14, 4, 4, 8]","[21, 2, 24, 26, 4, 7, 18, 5]",22,0.00017140002455562353,0.234375,220,75
31,8,BFS,"[7, 5, 4, 15, 8, 14, 9, 1]","[6, 15, 28, 3, 26, 28, 4, 21]",25,0.00020619999850168824,3.5546875,206,96
31,8,DFS,"[7, 5, 4, 15, 8, 14, 9, 1]","[6, 15, 28, 3, 26, 28, 4, 21]",25,0.00021139997988939285,0.28125,206,96
32,8,BFS,"[9, 1, 15, 14, 3, 8, 4, 7]","[27, 3, 25, 8, 14, 16, 28, 29]",24,0.00019260001135990024,4.0859375,213,101
32,8,DFS,"[9, 1, 15, 14, 3, 8, 4, 7]","[27, 3, 25, 8, 14, 16, 28, 29]",24,0.0001713000237941742,0.2578125,213,101
33,8,BFS,"[1, 7, 7, 15, 13, 5, 12, 13]","[6, 1, 9, 26, 15, 14, 24, 18]",29,0.00018480001017451286,3.9375,246,56
33,8,DFS,"[1, 7, 7, 15, 13, 5, 12, 13]","[6, 1, 9, 26, 15, 14, 24, 18]",29,0.0001800000318326056,0.234375,246,56
34,8,BFS,"[11, 8, 4, 4, 10, 9, 12, 1]","[23, 5, 10, 2, 24, 2, 11, 2]",23,0.0001542000100016594,3.0703125,208,49
34,8,DFS,"[11, 8, 4, 4, 10, 9, 12, 1]","[23, 5, 10, 2, 24, 2, 11, 2]",23,0.00015899998834356666,0.21875,208,49
35,8,BFS,"[10, 9, 14, 3, 9, 14, 2, 2]","[16, 30, 17, 2, 3, 6, 20, 22]",25,0.00016909994883462787,4.0625,199,88
35,8,DFS,"[10, 9, 14, 3, 9, 14, 2, 2]","[16, 30, 17, 2, 3, 6, 20, 22]",25,0.00016170000890269876,0.25,199,88
36,8,BFS,"[14, 7, 15, 4, 10, 10, 7, 10]","[8, 4, 19, 19, 2, 3, 22, 19]",30,0.00015380000695586205,2.6484375,203,64
36,8,DFS,"[14, 7, 15, 4, 10, 10, 7, 10]","[8, 4, 19, 19, 2, 3, 22, 19]",30,0.00014819996431469917,0.1953125,203,64
37,8,BFS,"[9, 15, 4, 12, 4, 7, 11, 5]","[11, 9, 22, 11, 9, 5, 21, 15]",26,0.00015540001913905144,3.046875,203,67
37,8,DFS,"[9, 15, 4, 12, 4, 7, 11, 5]","[11, 9, 22, 11, 9, 5, 21, 15]",26,0.0001553000183776021,0.234375,203,67
38,8,BFS,"[6, 13, 2, 8, 10, 2, 4, 5]","[30, 30, 1, 20, 4, 18, 17, 5]",20,0.00017300003673881292,4.5234375,216,85
38,8,DFS,"[6, 13, 2, 8, 10, 2, 4, 5]","[30, 30, 1, 20, 4, 18, 17, 5]",20,0.00017180002760142088,0.25,216,85
39,8,BFS,"[15, 15, 15, 6, 3, 14, 12, 10]","[12, 3, 8, 10, 15, 18, 10, 26]",36,0.00017990003107115626,3.921875,232,69
39,8,DFS,"[15, 15, 15, 6, 3, 14, 12, 10]","[12, 3, 8, 10, 15, 18, 10, 26]",36,0.0001742999884299934,0.234375,232,69
40,8,BFS,"[11, 1, 14, 5, 11, 15, 5, 15]","[17, 22, 18, 30, 4, 5, 4, 4]",30,0.0001615999499335885,3.28125,227,74
40,8,DFS,"[11, 1, 14, 5, 11, 15, 5, 15]","[17, 22, 18, 30, 4, 5, 4, 4]",30,0.00016789999790489674,0.234375,227,74
41,10,BFS,"[12, 3, 5, 4, 6, 11, 14, 9, 5, 15]","[18, 9, 20, 23, 7, 21, 9, 16, 29, 28]",33,0.001416900020558387,38.0078125,882,109
41,10,DFS,"[12, 3, 5, 4, 6, 11, 14, 9, 5, 15]","[18, 9, 20, 23, 7, 21, 9, 16, 29, 28]",33,0.0009771000477485359,0.3828125,882,109
42,10,BFS,"[1, 11, 14, 1, 6, 3, 5, 12, 9, 7]","[3, 14, 9, 1, 25, 21, 6, 15, 23, 18]",27,0.0011746999807655811,25.625,857,91
42,10,DFS,"[1, 11, 14, 1, 6, 3, 5, 12, 9, 7]","[3, 14, 9, 1, 25, 21, 6, 15, 23, 18]",27,0.0009278999641537666,0.3671875,857,91
43,10,BFS,"[1, 2, 12, 3, 1, 6, 9, 7, 1, 6]","[4, 29, 29, 18, 27, 19, 5, 5, 10, 29]",19,0.0011903999838978052,30.0234375,873,132
43,10,DFS,"[1, 2, 12, 3, 1, 6, 9, 7, 1, 6]","[4, 29, 29, 18, 27, 19, 5, 5, 10, 29]",19,0.0009286000276915729,0.359375,873,132
44,10,BFS,"[15, 14, 15, 4, 4, 2, 13, 15, 7, 12]","[26, 2, 12, 22, 22, 12, 18, 28, 20, 5]",40,0.0011918999953195453,23.8515625,843,110
44,10,DFS,"[15, 14, 15, 4, 4, 2, 13, 15, 7, 12]","[26, 2, 12, 22, 22, 12, 18, 28, 20, 5]",40,0.0009338000090792775,0.328125,843,110
45,10,BFS,"[15, 4, 3, 13, 15, 1, 12, 6, 15, 13]","[30, 28, 26, 6, 14, 6, 30, 26, 14, 22]",38,0.0011769999982789159,24.2734375,891,132
45,10,DFS,"[15, 4, 3, 13, 15, 1, 12, 6, 15, 13]","[30, 28, 26, 6, 14, 6, 30, 26, 14, 22]",38,0.0009260000078938901,0.328125,891,132
46,10,BFS,"[14, 13, 5, 13, 2, 14, 14, 4, 14, 8]","[24, 8, 6, 23, 13, 2, 16, 7, 30, 12]",40,0.000978900003246963,22.7265625,774,80
46,10,DFS,"[14, 13, 5, 13, 2, 14, 14, 4, 14, 8]","[24, 8, 6, 23, 13, 2, 16, 7, 30, 12]",40,0.0008079999824985862,0.328125,774,80
47,10,BFS,"[5, 13, 4, 1, 4, 6, 14, 13, 6, 9]","[27, 28, 8, 22, 13, 9, 3, 9, 21, 13]",30,0.0011477000080049038,25.484375,891,111
47,10,DFS,"[5, 13, 4, 1, 4, 6, 14, 13, 6, 9]","[27, 28, 8, 22, 13, 9, 3, 9, 21, 13]",30,0.0010044000227935612,0.359375,891,111
48,10,BFS,"[11, 9, 1, 15, 3, 5, 2, 7, 12, 6]","[27, 11, 4, 9, 19, 2, 20, 12, 26, 14]",28,0.0010998999932780862,24.96875,842,92
48,10,DFS,"[11, 9, 1, 15, 3, 5, 2, 7, 12, 6]","[27, 11, 4, 9, 19, 2, 20, 12, 26, 14]",28,0.0009160000481642783,0.3828125,842,92
49,10,BFS,"[10, 2, 15, 4, 1, 7, 9, 13, 11, 12]","[17, 13, 19, 9, 23, 1, 30, 18, 24, 24]",33,0.0011018000077456236,23.4453125,890,107
49,10,DFS,"[10, 2, 15, 4, 1, 7, 9, 13, 11, 12]","[17, 13, 19, 9, 23, 1, 30, 18, 24, 24]",33,0.0009070000378414989,0.3671875,890,107
50,10,BFS,"[11, 6, 2, 15, 10, 11, 2, 15, 9, 11]","[7, 14, 22, 11, 11, 28, 24, 10, 10, 14]",36,0.0010312999947927892,22.5703125,829,102
50,10,DFS,"[11, 6, 2, 15, 10, 11, 2, 15, 9, 11]","[7, 14, 22, 11, 11, 28, 24, 10, 10, 14]",36,0.0009185000089928508,0.328125,829,102
51,10,BFS,"[6, 12, 9, 4, 11, 11, 15, 10, 5, 9]","[13, 10, 5, 14, 13, 24, 6, 19, 13, 27]",36,0.0012015000102110207,22.1171875,775,91
51,10,DFS,"[6, 12, 9, 4, 11, 11, 15, 10, 5, 9]","[13, 10, 5, 14, 13, 24, 6, 19, 13, 27]",36,0.0008781999931670725,0.2890625,775,91
52,10,BFS,"[1, 5, 7, 10, 11, 8, 8, 4, 8, 15]","[10, 7, 26, 20, 11, 15, 22, 17, 26, 26]",30,0.0011298999888822436,22.5546875,897,101
52,10,DFS,"[1, 5, 7, 10, 11, 8, 8, 4, 8, 15]","[10, 7, 26, 20, 11, 15, 22, 17, 26, 26]",30,0.0009154999861493707,0.3203125,897,101
53,10,BFS,"[12, 11, 5, 11, 10, 2, 13, 11, 4, 4]","[6, 3, 17, 21, 11, 27, 8, 10, 26, 5]",33,0.0009525000350549817,24.140625,744,102
53,10,DFS,"[12, 11, 5, 11, 10, 2, 13, 11, 4, 4]","[6, 3, 17, 21, 11, 27, 8, 10, 26, 5]",33,0.0007872000569477677,0.328125,744,102
54,10,BFS,"[1, 4, 10, 13, 8, 15, 10, 12, 7, 7]","[2, 16, 28, 3, 14, 21, 7, 23, 16, 8]",34,0.0009988999809138477,22.6171875,773,85
54,10,DFS,"[1, 4, 10, 13, 8, 15, 10, 12, 7, 7]","[2, 16, 28, 3, 14, 21, 7, 23, 16, 8]",34,0.0008604000322520733,0.296875,773,85
55,10,BFS,"[3, 12, 15, 14, 15, 13, 4, 13, 9, 1]","[21, 1, 25, 25, 4, 14, 6, 23, 15, 18]",39,0.0008342000073753297,21.5625,669,95
55,10,DFS,"[3, 12, 15, 14, 15, 13, 4, 13, 9, 1]","[21, 1, 25, 25, 4, 14, 6, 23, 15, 18]",39,0.0007025999948382378,0.3203125,669,95
56,10,BFS,"[4, 14, 8, 13, 11, 9, 6, 15, 10, 12]","[30, 4, 5, 15, 17, 20, 25, 15, 27, 29]",40,0.0009884000173769891,21.6328125,816,119
56,10,DFS,"[4, 14, 8, 13, 11, 9, 6, 15, 10, 12]","[30, 4, 5, 15, 17, 20, 25, 15, 27, 29]",40,0.0008342000073753297,0.3203125,816,119
57,10,BFS,"[9, 14, 9, 15, 12, 8, 5, 4, 11, 13]","[14, 30, 15, 6, 28, 15, 25, 27, 9, 25]",40,0.0011089000036008656,23.234375,840,112
57,10,DFS,"[9, 14, 9, 15, 12, 8, 5, 4, 11, 13]","[14, 30, 15, 6, 28, 15, 25, 27, 9, 25]",40,0.000889900024048984,0.328125,840,112
58,10,BFS,"[9, 11, 5, 2, 5, 5, 6, 9, 3, 4]","[16, 8, 15, 23, 8, 11, 29, 3, 5, 13]",23,0.0011995999957434833,23.1484375,755,91
58,10,DFS,"[9, 11, 5, 2, 5, 5, 6, 9, 3, 4]","[16, 8, 15, 23, 8, 11, 29, 3, 5, 13]",23,0.000907899986486882,0.328125,755,91
59,10,BFS,"[12, 12, 2, 7, 9, 7, 4, 7, 15, 10]","[5, 7, 14, 11, 15, 2, 27, 13, 25, 23]",34,0.0011141000431962311,23.765625,889,92
59,10,DFS,"[12, 12, 2, 7, 9, 7, 4, 7, 15, 10]","[5, 7, 14, 11, 15, 2, 27, 13, 25, 23]",34,0.0009286000276915729,0.328125,889,92
60,10,BFS,"[1, 15, 10, 8, 6, 13, 14, 14, 9, 12]","[28, 25, 13, 1, 10, 13, 29, 14, 24, 18]",40,0.0010883999639190733,22.0859375,824,106
60,10,DFS,"[1, 15, 10, 8, 6, 13, 14, 14, 9, 12]","[28, 25, 13, 1, 10, 13, 29, 14, 24, 18]",40,0.0008744000224396586,0.3125,824,106
61,12,BFS,"[13, 15, 8, 5, 8, 7, 11, 13, 12, 14, 15, 10]","[20, 8, 8, 14, 1, 11, 22, 13, 6, 15, 5, 18]",52,0.005800999992061406,146.671875,3037,87
61,12,DFS,"[13, 15, 8, 5, 8, 7, 11, 13, 12, 14, 15, 10]","[20, 8, 8, 14, 1, 11, 22, 13, 6, 15, 5, 18]",52,0.0036259000189602375,0.3984375,3037,87
62,12,BFS,"[1, 7, 10, 1, 11, 3, 8, 1, 7, 4, 6, 13]","[30, 19, 22, 3, 14, 28, 6, 9, 11, 15, 11, 29]",28,0.004891499993391335,112.4140625,3406,126
62,12,DFS,"[1, 7, 10, 1, 11, 3, 8, 1, 7, 4, 6, 13]","[30, 19, 22, 3, 14, 28, 6, 9, 11, 15, 11, 29]",28,0.004150199994910508,0.4765625,3406,126
63,12,BFS,"[7, 13, 7, 14, 8, 12, 1, 4, 2, 11, 13, 4]","[9, 27, 9, 3, 1, 18, 12, 21, 25, 2, 1, 7]",38,0.004805599979590625,106.65625,2964,110
63,12,DFS,"[7, 13, 7, 14, 8, 12, 1, 4, 2, 11, 13, 4]","[9, 27, 9, 3, 1, 18, 12, 21, 25, 2, 1, 7]",38,0.0033257000031881034,0.46875,2964,110
64,12,BFS,"[14, 10, 4, 8, 2, 4, 12, 13, 3, 10, 12, 13]","[1, 5, 5, 22, 19, 15, 9, 12, 20, 24, 4, 27]",42,0.005177900020498782,108.78125,3395,127
64,12,DFS,"[14, 10, 4, 8, 2, 4, 12, 13, 3, 10, 12, 13]","[1, 5, 5, 22, 19, 15, 9, 12, 20, 24, 4, 27]",42,0.003843100043013692,0.4765625,3395,127
65,12,BFS,"[3, 2, 1, 5, 11, 7, 12, 2, 12, 11, 2, 13]","[10, 19, 30, 19, 30, 13, 7, 19, 27, 8, 23, 10]",32,0.005022800003644079,115.3984375,3429,153
65,12,DFS,"[3, 2, 1, 5, 11, 7, 12, 2, 12, 11, 2, 13]","[10, 19, 30, 19, 30, 13, 7, 19, 27, 8, 23, 10]",32,0.004094799980521202,0.46875,3429,153
66,12,BFS,"[14, 10, 2, 10, 1, 9, 11, 2, 11, 1, 7, 8]","[22, 26, 26, 26, 12, 14, 12, 17, 11, 28, 27, 4]",34,0.0046122000203467906,111.3984375,3053,162
66,12,DFS,"[14, 10, 2, 10, 1, 9, 11, 2, 11, 1, 7, 8]","[22, 26, 26, 26, 12, 14, 12, 17, 11, 28, 27, 4]",34,0.010381800006143749,0.4765625,3053,162
67,12,BFS,"[7, 11, 14, 12, 7, 12, 11, 10, 15, 13, 8, 14]","[12, 29, 15, 5, 6, 17, 9, 26, 18, 16, 14, 24]",53,0.00850879994686693,93.0703125,2966,105
67,12,DFS,"[7, 11, 14, 12, 7, 12, 11, 10, 15, 13, 8, 14]","[12, 29, 15, 5, 6, 17, 9, 26, 18, 16, 14, 24]",53,0.004584199981763959,0.328125,2966,105
68,12,BFS,"[10, 6, 4, 15, 5, 8, 13, 10, 11, 6, 8, 6]","[9, 28, 27, 3, 29, 8, 15, 20, 13, 1, 28, 6]",40,0.004802100011147559,96.5625,2778,138
68,12,DFS,"[10, 6, 4, 15, 5, 8, 13, 10, 11, 6, 8, 6]","[9, 28, 27, 3, 29, 8, 15, 20, 13, 1, 28, 6]",40,0.006490600004326552,0.3984375,2778,138
69,12,BFS,"[8, 6, 5, 5, 10, 15, 9, 9, 2, 12, 8, 13]","[7, 26, 11, 29, 23, 9, 1, 7, 8, 14, 18, 8]",40,0.004675799980759621,97.5390625,3149,115
69,12,DFS,"[8, 6, 5, 5, 10, 15, 9, 9, 2, 12, 8, 13]","[7, 26, 11, 29, 23, 9, 1, 7, 8, 14, 18, 8]",40,0.0034259999520145357,0.3984375,3149,115
70,12,BFS,"[12, 11, 8, 13, 2, 4, 12, 5, 10, 8, 9, 7]","[16, 23, 15, 1, 10, 13, 8, 22, 12, 18, 12, 24]",40,0.004374899959657341,100.046875,2930,110
70,12,DFS,"[12, 11, 8, 13, 2, 4, 12, 5, 10, 8, 9, 7]","[16, 23, 15, 1, 10, 13, 8, 22, 12, 18, 12, 24]",40,0.0032064999686554074,0.3984375,2930,110
71,12,BFS,"[9, 6, 8, 5, 4, 12, 6, 12, 13, 3, 4, 8]","[11, 23, 9, 9, 4, 7, 4, 18, 23, 7, 24, 9]",36,0.004632200056221336,105.71875,3009,90
71,12,DFS,"[9, 6, 8, 5, 4, 12, 6, 12, 13, 3, 4, 8]","[11, 23, 9, 9, 4, 7, 4, 18, 23, 7, 24, 9]",36,0.0033235999871976674,0.4375,3009,90
72,12,BFS,"[12, 13, 10, 2, 4, 4, 3, 1, 9, 5, 1, 5]","[19, 17, 10, 27, 10, 12, 10, 23, 5, 2, 18, 23]",27,0.004310999996960163,112.0859375,2854,125
72,12,DFS,"[12, 13, 10, 2, 4, 4, 3, 1, 9, 5, 1, 5]","[19, 17, 10, 27, 10, 12, 10, 23, 5, 2, 18, 23]",27,0.0032042000093497336,0.5546875,2854,125
73,12,BFS,"[3, 14, 8, 14, 10, 8, 8, 3, 5, 8, 14, 7]","[21, 25, 4, 1, 10, 16, 11, 2, 28, 4, 3, 16]",40,0.004330600029788911,99.296875,2977,108
73,12,DFS,"[3, 14, 8, 14, 10, 8, 8, 3, 5, 8, 14, 7]","[21, 25, 4, 1, 10, 16, 11, 2, 28, 4, 3, 16]",40,0.003474599972832948,0.3984375,2977,108
74,12,BFS,"[2, 11, 1, 3, 10, 2, 2, 13, 10, 13, 4, 9]","[19, 22, 5, 26, 10, 8, 18, 14, 20, 20, 25, 13]",32,0.005050299980212003,124.0078125,3468,130
74,12,DFS,"[2, 11, 1, 3, 10, 2, 2, 13, 10, 13, 4, 9]","[19, 22, 5, 26, 10, 8, 18, 14, 20, 20, 25, 13]",32,0.0038989000022411346,0.46875,3468,130
75,12,BFS,"[8, 8, 14, 7, 10, 1, 12, 13, 11, 5, 2, 4]","[30, 10, 19, 10, 20, 20, 4, 7, 7, 22, 6, 6]",38,0.004173199995420873,108.8671875,2767,114
75,12,DFS,"[8, 8, 14, 7, 10, 1, 12, 13, 11, 5, 2, 4]","[30, 10, 19, 10, 20, 20, 4, 7, 7, 22, 6, 6]",38,0.003162899985909462,0.421875,2767,114
76,12,BFS,"[9, 3, 7, 12, 8, 1, 5, 5, 14, 2, 4, 5]","[3, 1, 15, 20, 10, 8, 23, 23, 15, 22, 30, 26]",30,0.004600599990226328,114.046875,3030,147
76,12,DFS,"[9, 3, 7, 12, 8, 1, 5, 5, 14, 2, 4, 5]","[3, 1, 15, 20, 10, 8, 23, 23, 15, 22, 30, 26]",30,0.0033296000328846276,0.4765625,3030,147
77,12,BFS,"[13, 10, 13, 4, 2, 4, 3, 5, 3, 1, 13, 10]","[21, 22, 30, 14, 18, 21, 30, 27, 3, 6, 10, 24]",32,0.004889500036370009,111.421875,3350,146
77,12,DFS,"[13, 10, 13, 4, 2, 4, 3, 5, 3, 1, 13, 10]","[21, 22, 30, 14, 18, 21, 30, 27, 3, 6, 10, 24]",32,0.0036772999446839094,0.625,3350,146
78,12,BFS,"[14, 15, 8, 8, 5, 7, 9, 8, 2, 1, 7, 6]","[19, 10, 4, 23, 23, 9, 18, 15, 20, 29, 24, 20]",36,0.0043762000277638435,106.34375,2826,148
78,12,DFS,"[14, 15, 8, 8, 5, 7, 9, 8, 2, 1, 7, 6]","[19, 10, 4, 23, 23, 9, 18, 15, 20, 29, 24, 20]",36,0.003217299992684275,0.421875,2826,148
79,12,BFS,"[5, 2, 11, 14, 10, 13, 14, 10, 13, 3, 9, 8]","[1, 8, 27, 19, 1, 22, 9, 2, 25, 16, 21, 30]",44,0.004115400020964444,97.2265625,2831,119
79,12,DFS,"[5, 2, 11, 14, 10, 13, 14, 10, 13, 3, 9, 8]","[1, 8, 27, 19, 1, 22, 9, 2, 25, 16, 21, 30]",44,0.003290899971034378,0.3984375,2831,119
80,12,BFS,"[5, 10, 11, 8, 8, 7, 6, 2, 3, 7, 8, 11]","[6, 14, 27, 3, 12, 11, 22, 28, 11, 23, 10, 13]",34,0.004919700033497065,100.2578125,3207,117
80,12,DFS,"[5, 10, 11, 8, 8, 7, 6, 2, 3, 7, 8, 11]","[6, 14, 27, 3, 12, 11, 22, 28, 11, 23, 10, 13]",34,0.003571000008378178,0.3984375,3207,117
81,15,BFS,"[14, 9, 8, 6, 6, 13, 14, 14, 11, 9, 7, 4, 6, 13, 11]","[25, 2, 3, 9, 4, 13, 17, 1, 28, 15, 2, 17, 20, 16, 15]",58,0.04235609999159351,1291.8515625,21952,122
81,15,DFS,"[14, 9, 8, 6, 6, 13, 14, 14, 11, 9, 7, 4, 6, 13, 11]","[25, 2, 3, 9, 4, 13, 17, 1, 28, 15, 2, 17, 20, 16, 15]",58,0.023315700003877282,0.609375,21952,122
82,15,BFS,"[13, 4, 9, 15, 8, 12, 2, 11, 13, 12, 5, 1, 7, 4, 15]","[2, 9, 5, 10, 29, 16, 1, 20, 8, 6, 18, 18, 3, 27, 4]",52,0.04139740002574399,1302.3125,22488,140
82,15,DFS,"[13, 4, 9, 15, 8, 12, 2, 11, 13, 12, 5, 1, 7, 4, 15]","[2, 9, 5, 10, 29, 16, 1, 20, 8, 6, 18, 18, 3, 27, 4]",52,0.02424820000305772,0.6796875,22488,140
83,15,BFS,"[8, 11, 3, 15, 5, 12, 7, 8, 4, 9, 7, 15, 9, 15, 14]","[4, 27, 16, 23, 17, 9, 27, 16, 15, 5, 7, 20, 24, 5, 3]",56,0.04305959999328479,1202.8203125,23465,149
83,15,DFS,"[8, 11, 3, 15, 5, 12, 7, 8, 4, 9, 7, 15, 9, 15, 14]","[4, 27, 16, 23, 17, 9, 27, 16, 15, 5, 7, 20, 24, 5, 3]",56,0.024752600002102554,0.625,23465,149
84,15,BFS,"[5, 13, 7, 15, 9, 14, 5, 5, 10, 11, 14, 8, 8, 6, 13]","[25, 28, 11, 26, 9, 1, 24, 27, 19, 16, 5, 18, 12, 18, 18]",57,0.0399049999541603,1234.0546875,21806,166
84,15,DFS,"[5, 13, 7, 15, 9, 14, 5, 5, 10, 11, 14, 8, 8, 6, 13]","[25, 28, 11, 26, 9, 1, 24, 27, 19, 16, 5, 18, 12, 18, 18]",57,0.023857499996665865,0.6171875,21806,166
85,15,BFS,"[7, 15, 14, 12, 10, 4, 13, 1, 12, 12, 13, 7, 13, 11, 8]","[15, 11, 7, 8, 13, 28, 14, 11, 16, 30, 13, 22, 27, 5, 2]",60,0.03793809999478981,1185.03125,20534,149
85,15,DFS,"[7, 15, 14, 12, 10, 4, 13, 1, 12, 12, 13, 7, 13, 11, 8]","[15, 11, 7, 8, 13, 28, 14, 11, 16, 30, 13, 22, 27, 5, 2]",60,0.021825200004968792,0.546875,20534,149
86,15,BFS,"[3, 10, 14, 14, 8, 9, 8, 12, 7, 11, 2, 13, 6, 12, 11]","[17, 11, 4, 28, 4, 30, 1, 5, 28, 5, 16, 9, 20, 13, 3]",56,0.04183120001107454,1261.7578125,22497,152
86,15,DFS,"[3, 10, 14, 14, 8, 9, 8, 12, 7, 11, 2, 13, 6, 12, 11]","[17, 11, 4, 28, 4, 30, 1, 5, 28, 5, 16, 9, 20, 13, 3]",56,0.0238346999976784,0.6171875,22497,152
87,15,BFS,"[14, 14, 14, 7, 11, 15, 8, 9, 10, 4, 11, 5, 12, 7, 13]","[11, 22, 18, 11, 23, 25, 28, 2, 3, 21, 30, 8, 3, 4, 21]",61,0.038608300033956766,1179.21875,21019,146
87,15,DFS,"[14, 14, 14, 7, 11, 15, 8, 9, 10, 4, 11, 5, 12, 7, 13]","[11, 22, 18, 11, 23, 25, 28, 2, 3, 21, 30, 8, 3, 4, 21]",61,0.023329599993303418,0.5859375,21019,146
88,15,BFS,"[12, 2, 3, 5, 1, 6, 1, 6, 7, 4, 7, 11, 3, 3, 10]","[28, 15, 23, 29, 2, 26, 10, 12, 5, 17, 19, 26, 6, 3, 28]",32,0.045776600018143654,1385.1015625,24216,150
88,15,DFS,"[12, 2, 3, 5, 1, 6, 1, 6, 7, 4, 7, 11, 3, 3, 10]","[28, 15, 23, 29, 2, 26, 10, 12, 5, 17, 19, 26, 6, 3, 28]",32,0.02679179998813197,0.7109375,24216,150
89,15,BFS,"[7, 11, 8, 10, 4, 11, 8, 11, 15, 8, 5, 9, 2, 6, 5]","[20, 8, 30, 5, 15, 9, 9, 1, 26, 29, 22, 6, 15, 19, 21]",48,0.038431999972090125,1281.9375,19936,171
89,15,DFS,"[7, 11, 8, 10, 4, 11, 8, 11, 15, 8, 5, 9, 2, 6, 5]","[20, 8, 30, 5, 15, 9, 9, 1, 26, 29, 22, 6, 15, 19, 21]",48,0.021811800019349903,0.59375,19936,171
90,15,BFS,"[7, 5, 14, 4, 14, 2, 7, 6, 5, 5, 14, 7, 1, 14, 13]","[23, 15, 10, 13, 16, 8, 19, 19, 23, 1, 22, 9, 19, 22, 24]",47,0.04660519998287782,1370.921875,24958,150
90,15,DFS,"[7, 5, 14, 4, 14, 2, 7, 6, 5, 5, 14, 7, 1, 14, 13]","[23, 15, 10, 13, 16, 8, 19, 19, 23, 1, 22, 9, 19, 22, 24]",47,0.026847399945836514,0.71875,24958,150
91,15,BFS,"[1, 10, 8, 15, 5, 13, 10, 6, 11, 10, 11, 12, 11, 14, 11]","[30, 24, 27, 29, 25, 8, 26, 8, 7, 9, 25, 25, 22, 5, 4]",59,0.04090249998262152,1225.3515625,22625,182
91,15,DFS,"[1, 10, 8, 15, 5, 13, 10, 6, 11, 10, 11, 12, 11, 14, 11]","[30, 24, 27, 29, 25, 8, 26, 8, 7, 9, 25, 25, 22, 5, 4]",59,0.0239142999635078,0.4765625,22625,182
92,15,BFS,"[15, 11, 5, 8, 10, 12, 2, 5, 12, 3, 3, 9, 6, 9, 5]","[21, 2, 26, 2, 12, 5, 30, 11, 14, 7, 26, 29, 17, 30, 27]",46,0.041933400032576174,1335.6953125,21389,196
92,15,DFS,"[15, 11, 5, 8, 10, 12, 2, 5, 12, 3, 3, 9, 6, 9, 5]","[21, 2, 26, 2, 12, 5, 30, 11, 14, 7, 26, 29, 17, 30, 27]",46,0.023647100024390966,0.6953125,21389,196
93,15,BFS,"[3, 15, 8, 5, 14, 13, 8, 3, 4, 11, 11, 14, 9, 2, 7]","[9, 27, 26, 24, 11, 4, 3, 25, 28, 24, 13, 26, 12, 26, 1]",50,0.037606900034006685,1254.2421875,20113,188
93,15,DFS,"[3, 15, 8, 5, 14, 13, 8, 3, 4, 11, 11, 14, 9, 2, 7]","[9, 27, 26, 24, 11, 4, 3, 25, 28, 24, 13, 26, 12, 26, 1]",50,0.02166679996298626,0.609375,20113,188
94,15,BFS,"[5, 2, 6, 12, 5, 7, 11, 2, 4, 1, 15, 6, 10, 11, 11]","[18, 15, 22, 22, 19, 27, 12, 22, 16, 20, 18, 30, 8, 3, 27]",43,0.046765899984166026,1360.3046875,25048,194
94,15,DFS,"[5, 2, 6, 12, 5, 7, 11, 2, 4, 1, 15, 6, 10, 11, 11]","[18, 15, 22, 22, 19, 27, 12, 22, 16, 20, 18, 30, 8, 3, 27]",43,0.02644230000441894,0.71875,25048,194
95,15,BFS,"[8, 12, 11, 2, 1, 5, 2, 4, 9, 7, 6, 12, 9, 10, 12]","[30, 10, 14, 5, 2, 16, 4, 29, 5, 15, 22, 23, 14, 24, 5]",44,0.04568370000924915,1343.203125,25214,145
95,15,DFS,"[8, 12, 11, 2, 1, 5, 2, 4, 9, 7, 6, 12, 9, 10, 12]","[30, 10, 14, 5, 2, 16, 4, 29, 5, 15, 22, 23, 14, 24, 5]",44,0.026988399971742183,0.6953125,25214,145
96,15,BFS,"[15, 11, 14, 10, 5, 12, 4, 8, 14, 2, 6, 15, 6, 7, 4]","[14, 4, 16, 14, 2, 12, 15, 8, 12, 22, 18, 21, 2, 9, 4]",53,0.038025999965611845,1300.3828125,20068,107
96,15,DFS,"[15, 11, 14, 10, 5, 12, 4, 8, 14, 2, 6, 15, 6, 7, 4]","[14, 4, 16, 14, 2, 12, 15, 8, 12, 22, 18, 21, 2, 9, 4]",53,0.021751799969933927,0.625,20068,107
97,15,BFS,"[14, 8, 11, 11, 10, 1, 6, 3, 10, 2, 13, 4, 4, 14, 6]","[27, 3, 7, 21, 1, 26, 8, 26, 7, 27, 18, 19, 27, 8, 25]",46,0.04082220001146197,1277.6328125,21559,198
97,15,DFS,"[14, 8, 11, 11, 10, 1, 6, 3, 10, 2, 13, 4, 4, 14, 6]","[27, 3, 7, 21, 1, 26, 8, 26, 7, 27, 18, 19, 27, 8, 25]",46,0.02361989999189973,0.703125,21559,198
98,15,BFS,"[3, 15, 1, 14, 3, 5, 3, 11, 1, 1, 13, 4, 6, 3, 1]","[26, 20, 9, 5, 18, 26, 4, 28, 5, 12, 26, 19, 1, 9, 5]",33,0.04192069999407977,1531.8046875,20903,157
98,15,DFS,"[3, 15, 1, 14, 3, 5, 3, 11, 1, 1, 13, 4, 6, 3, 1]","[26, 20, 9, 5, 18, 26, 4, 28, 5, 12, 26, 19, 1, 9, 5]",33,0.02473090001149103,0.8046875,20903,157
99,15,BFS,"[12, 9, 12, 8, 13, 9, 2, 9, 10, 12, 15, 11, 5, 11, 1]","[14, 4, 3, 15, 12, 19, 15, 8, 2, 26, 28, 17, 15, 1, 16]",55,0.038639400037936866,1211.0546875,18827,136
99,15,DFS,"[12, 9, 12, 8, 13, 9, 2, 9, 10, 12, 15, 11, 5, 11, 1]","[14, 4, 3, 15, 12, 19, 15, 8, 2, 26, 28, 17, 15, 1, 16]",55,0.020924100012052804,0.5546875,18827,136
100,15,BFS,"[14, 7, 2, 12, 8, 15, 6, 3, 3, 10, 10, 12, 7, 9, 8]","[13, 22, 16, 30, 3, 3, 20, 3, 9, 21, 18, 11, 20, 10, 17]",50,0.04120620002504438,1263.75,21624,141
100,15,DFS,"[14, 7, 2, 12, 8, 15, 6, 3, 3, 10, 10, 12, 7, 9, 8]","[13, 22, 16, 30, 3, 3, 20, 3, 9, 21, 18, 11, 20, 10, 17]",50,0.023400900012347847,0.625,21624,141
